sent_score,log_return,trading_volume,overnight_variation,trading_day_variation,word_count,closing_price,next_price
1.0,0.001192072857600479,888941.0,9.5,3410.0,75,3357.5,3356.0
-0.2631578947368421,0.0015088648656700343,313827.0,-1.0,401.45,148,397.95,399.4
-0.6666666666666666,-0.000617856059197841,369132.0,3.3999999999999773,972.0,87,970.8,970.3
0.7777777777777778,0.001185185323917537,843303.5,5.0,3394.0,92,3377.0,3373.5
0.0,0.0006167763353426281,632357.0,4.0,984.5,236,973.1,972.6
0.058823529411764705,0.0013840832659388624,10887.76,0.0,189.43,144,187.98,188.0
0.0,-0.0006271558687851453,430577.0,4.0,984.5,77,956.4,956.9
0.6,0.0011285975240200585,1016176.5,-1.0,401.45,62,398.95,398.8
1.0,0.0010342026481371391,6765.0,-2.0,3424.5,65,3386.0,3387.0
1.0,6.664667268996283e-05,5528371.8,-0.2600000000000193,151.13,29,150.05,149.95
0.2727272727272727,0.00010363231264776118,5297989.0,-12.0,9827.0,100,9650.0,9659.0
0.2857142857142857,0.0021917453066979675,6235421.900000001,-0.2600000000000193,151.13,206,150.73,150.94
0.8,-0.0005081042739263353,334662.0,1.0,10040.0,202,9838.0,9822.0
0.2,-0.0014408359339626031,83326.0,0.0,167.99,346,166.45,166.53
-0.2,-0.00029040220909770653,1167548.0,-4.0,3473.0,47,3443.0,3441.0
1.0,0.0013138614250429725,4714514.0,1.0,10040.0,57,9901.0,9900.0
0.2,0.0018220472699450596,1490526.0,1.0,10040.0,82,9888.0,9901.0
0.0,-0.0005049230099700708,9690483.0,1.0,10040.0,49,9900.0,9900.0
0.3333333333333333,0.0,891000.0,1.0,10040.0,57,9900.0,9900.0
-0.5,0.0007902015425003128,31625.0,0.0,633.5,103,633.0,632.7
0.7142857142857143,0.0,3048927.4,0.09000000000000341,151.28,106,150.49,150.49
0.0,0.0002705993792719852,269007.6,0.3499999999999943,150.87,89,147.84,147.9
-0.2,0.0010301314328413635,81501.0,0.0024999999999999467,3.919,139,3.885,3.882
-0.7647058823529411,0.0038107183394018307,528009.0,-1.1799999999999784,161.39,357,160.38,160.32
-0.25,0.0003347280365977312,30087610.299999997,0.15000000000000568,149.54,125,149.4,149.55
1.0,-0.0006799147278035989,469253.0,-0.8499999999999943,162.83,77,161.73,161.32
0.6666666666666666,-0.0002190340606720298,401823.0,0.0,933.4,162,913.0,914.7
0.5555555555555556,0.000536444725531382,47191206.80000002,0.0,151.2,46,149.17,149.1
-0.5,0.0006051437401008997,5310668.0,0.0,151.2,62,148.77,149.07
0.0,-0.0014381101605387414,1461518.0,-10.0,9790.0,32,9728.0,9730.0
0.35714285714285715,0.0,205575.0,-4.0,687.0,292,686.5,685.5
-0.02857142857142857,-0.000941936421658518,66004633.9,0.4399999999999977,153.56,341,148.56,148.5
0.6363636363636364,0.004702729526906424,15739692.800000004,0.4399999999999977,153.56,144,149.2,149.35
0.3684210526315789,0.0002676838669533055,1230239.2,0.4399999999999977,153.56,131,149.45,149.32
-0.42857142857142855,0.0005325877231276976,4838955.9,0.4399999999999977,153.56,73,150.25,150.23
0.7777777777777778,0.00014578322060954108,8376276.299999998,9.999999999996123e-06,0.06899,75,0.0686,0.06869
0.38235294117647056,0.0,3807.5,1.0,389.25,393,380.75,380.75
0.42857142857142855,0.0,4026186.5,0.4399999999999977,153.56,73,150.85,150.85
0.6923076923076923,-0.00012874155151365585,979281.5,1.1999999999999886,393.7,112,388.35,387.9
0.0,0.0,26120.5,-0.21000000000000796,156.5,60,153.65,153.65
0.6,-0.00012884107471222705,42691.0,0.30000000000001137,394.9,165,388.05,387.95
0.7142857142857143,0.0,34618706.5,7.0,3266.0,53,3224.0,3224.0
-0.5,0.00019951451534261366,15035.0,0.0,150.43,89,150.38,150.39
0.4666666666666667,-0.0002513931382913115,172952.6,0.0039000000000000146,1.2012,103,1.1932,1.1925
1.0,9.536070192694979e-05,849839.0,2.0,10837.0,83,10487.0,10467.0
0.5,-0.0005786107075831382,3896844.9000000004,-0.3900000000000148,156.14,78,155.5,155.5
0.7142857142857143,0.0008742896953588541,168063.0,-1.8999999999999773,401.45,93,400.5,400.15
0.0,-0.0007062827350647893,62343.4,-0.3900000000000148,156.14,96,155.69,155.65
0.42857142857142855,-0.00023526644032756394,198134.19999999992,-0.21999999999999886,85.25,53,85.0,85.24
0.8181818181818182,0.0,1655095.0,-0.8599999999999852,157.35,176,156.44,156.76
0.6666666666666666,0.0005872565501059412,10184697.5,22.5,153.79,68,153.3,153.41
0.42857142857142855,-0.000130395097328595,1255835.8,22.5,153.79,45,153.37,153.32
0.5555555555555556,-0.0015638238672757154,2312250.5000000005,22.5,153.79,92,153.35,153.27
0.4,-0.0008478169223389287,56775.90000000001,22.5,153.79,81,153.27,153.28
1.0,0.00013065917572685493,2260051.7,22.5,153.79,68,153.08,153.13
1.0,0.001154956817510211,38938.0,64.0,2599.0,84,2599.0,2595.0
0.0,-0.001233005769631923,2046150.9,22.5,154.4,163,154.0,153.95
-0.3333333333333333,-0.002100473378608053,1143.8,0.31810000000000005,1.1496,58,1.1414,1.1416
0.75,0.0012746974320005933,4283659.0,0.0,399.75,94,392.5,392.5
1.0,-0.00013064210613666916,2245675.3,0.15000000000000568,154.47,138,153.08,153.18
1.0,-0.0004904498613340635,282300.70999999996,1.6500000000000057,184.75,34,183.46,183.57
0.25,0.00013928546578689804,50253.0,0.10000000000002274,363.65,92,359.0,359.15
0.2,0.0012105073503337338,34648.0,0.00529999999999986,1.2572,116,1.2399,1.2396
1.0,-0.0004683475224158684,80070.5,-8.5,3211.5,48,3202.0,3202.5
1.0,0.001457372130669654,349670.5,0.1700000000000017,41.77,51,41.2,41.17
-0.5,-0.0004080799893397824,3376171.0,-1.25,369.8,99,367.5,367.8
0.6666666666666666,0.0,204535.5,0.01750000000000007,3.9965,184,3.8595,3.8595
-1.0,-0.00025916807194414915,2242339.0,0.01750000000000007,3.9965,85,3.858,3.8595
0.2,0.00035500018122824883,13016073.100000001,-0.12999999999999545,141.5,205,140.87,141.07
0.1111111111111111,0.0018769277530497064,629759.0,-1.0,380.25,105,373.3,373.05
0.3333333333333333,-0.0006419172147245078,3577789.4,0.05000000000001137,141.49,51,140.16,140.27
0.7142857142857143,-0.0009237875945640184,428877.0,0.0,3279.5,68,3246.0,3247.5
0.2,-0.00013534546951721182,129309.0,-1.0,380.25,61,369.4,370.4
0.5,0.0,383500.0,0.0,3279.5,46,3250.0,3250.0
0.5,-0.0028143663741264646,62536.57000000001,0.5,181.88,35,177.41,177.37
-0.3333333333333333,-0.0033999182772186387,4538303.100000001,0.7599999999999909,143.14,103,140.94,141.14
0.3333333333333333,0.0,1327656.0,0.00999999999999801,42.65,132,41.5,41.54
0.5,6.751966512830165e-05,1892291.6999999997,0.0,148.5,193,148.11,148.25
1.0,0.0003370067096222229,1268392.4,0.0,148.5,72,148.39,148.46
0.3333333333333333,0.0006739907244428522,596262.8,0.0,148.68,59,148.42,148.35
0.0,0.0,3705321.0,5.0,9680.0,708,9600.0,9590.0
0.1111111111111111,0.002510111483891783,551912.2,0.0006999999999999229,1.0869,186,1.077,1.08
0.16666666666666666,0.0007972362899009156,406225.0,-1.75,389.6,64,376.45,376.3
1.0,0.0,1940236.4000000001,0.04999999999998295,149.5,38,148.97,149.34
1.0,-6.677573372382284e-05,27855437.89999999,0.04999999999998295,149.86,35,149.75,149.74
0.7142857142857143,0.00037530493966531076,315776.0,-0.020000000000000462,4.0475,67,3.9975,3.997
-0.058823529411764705,0.0012373243098888764,405164.37,0.30000000000001137,189.11,98,186.0,186.49
0.45454545454545453,-0.0006048184049154415,1562158.7000000002,0.04999999999998295,150.2,99,148.76,149.2
0.16666666666666666,0.00021659867959478163,2414610.3000000003,0.09999999999999432,139.32,90,138.52,138.54
-0.23076923076923078,-0.000361049937128044,5724449.500000001,0.09999999999999432,139.32,144,138.46,138.79
0.6363636363636364,0.0010921909440972334,225350.30000000002,-0.0008000000000000229,1.0477,117,1.0077,1.0057
0.38461538461538464,-0.0007572889419087403,214568.0,-0.05000000000001137,334.0,101,330.0,330.0
0.52,8.004162168617768e-05,466146.1999999999,-0.5,125.5,252,124.94,124.83
0.047619047619047616,0.0004555462837876334,102042.5,-0.05000000000001137,334.0,561,329.35,329.7
1.0,0.0,65405.0,0.3499999999999943,167.0,141,163.45,163.5
0.3,-0.0005254663634781664,23549230.999999996,0.6299999999999955,135.89,169,133.18,133.21
1.0,0.0,2150700.0,0.6299999999999955,135.89,64,134.0,134.0
1.0,0.0012340751448221,12856039.199999994,0.3100000000000023,138.78,136,137.84,137.7
1.0,0.00026451527729975943,869485.0,0.0044999999999997264,3.804,73,3.781,3.7845
0.8333333333333334,0.0021964238513216827,242009.0,10.0,3215.0,83,3190.5,3190.5
1.0,-0.0003154574158656942,1626623.0,10.0,3215.0,46,3169.5,3174.0
0.7777777777777778,-0.000608581010770326,3069636.5,-0.0019000000000000128,0.2495,131,0.2464,0.2449
0.3333333333333333,-0.001860731947449068,2873785.0,0.8999999999999773,351.7,72,349.0,348.7
0.2,0.0008604618342458181,3727685.0,0.8999999999999773,351.7,76,348.8,348.9
0.0,-0.0010785548412082235,331165.3,0.09999999999999432,139.6,118,139.0,138.96
0.30434782608695654,-0.0007075471993287508,98743.95999999999,-0.22999999999998977,173.18,130,169.54,169.8
0.3333333333333333,0.00014482259257686536,0.0,0.09999999999999432,139.6,172,138.11,138.07
0.2631578947368421,-0.00042405824368607625,6314073.0,0.8999999999999773,356.5,105,353.65,354.0
0.23076923076923078,0.002978679233859971,33098931.099999983,0.11000000000001364,139.42,140,137.85,137.95
0.6,-0.0022364111330395176,9797893.000000002,0.11000000000001364,139.42,140,138.46,138.45
-0.8,-0.00548836070207237,1120613.1900000004,-3.469999999999999,134.79,71,129.01,129.09
0.6,-0.003965636393346905,151460.0,0.8499999999999943,155.65,45,151.0,150.85
0.5,0.0015186031771898811,229708.1,0.10000000000000853,79.17,71,79.08,79.1
0.15789473684210525,0.0013506417600623877,1801617.6999999997,-0.15000000000000568,133.94,125,133.36,133.55
0.8,-0.00022466020238987028,2077137.8,-0.15000000000000568,134.09,101,133.52,133.35
0.2,0.0024816276933628603,960386.5000000007,-0.007199999999999873,1.0609,131,1.049,1.049
0.6363636363636364,0.0002860275559377068,727853.6000000001,-0.007199999999999873,1.0609,58,1.049,1.0469
0.6,-0.0053366121141120715,8090978.699999999,-0.30000000000001137,115.89,126,114.0,113.64
0.8823529411764706,-0.0034242098517873742,2162802.4999999995,-0.30000000000001137,115.89,109,113.7,114.0
0.3939393939393939,-0.0012779554454919947,1908192.1,0.0030000000000000027,0.982,216,0.9384,0.94
1.0,-0.0010579612563912377,1339399.5,1.200000000000017,135.8,42,132.26,132.13
0.7142857142857143,-0.003659332419602812,1246191.0,0.39999999999997726,869.1,109,845.6,844.9
-0.1111111111111111,0.00028822597115496507,346990.0,-0.15000000000000568,181.9,91,173.5,173.6
0.3333333333333333,-0.0043520741011455755,20034.0,-2.2999999999999545,674.3,122,664.9,664.0
0.5294117647058824,0.0004846135302027932,259938.0,5.0,3130.5,274,3096.0,3098.0
0.5,-0.0006032727729898824,1011994.3999999999,0.20000000000001705,135.1,66,132.57,132.7
-0.05263157894736842,-0.0018137852614596994,651464.0,0.20000000000001705,135.1,199,132.2,132.21
0.42857142857142855,-0.0005317734770358129,4558958.0,0.20000000000001705,135.1,77,131.6,131.66
0.5,-0.0008941212129833787,3516825.8,-0.5,134.99,42,134.15,134.06
1.0,0.0011643704012962441,490526.0,-0.0405000000000002,3.995,80,3.867,3.867
0.2727272727272727,-0.001944643122712808,335978.0,-0.0405000000000002,3.995,114,3.853,3.83
0.3333333333333333,0.00037757221517065176,54818.0,0.20999999999999375,79.6,38,79.47,79.41
0.24324324324324326,0.0011348592101292354,23778.0,0.20999999999999375,79.6,255,79.35,79.38
0.8181818181818182,0.0009158108836591072,768023.5,-0.0405000000000002,3.995,97,3.8235,3.8205
0.25,0.0,3104270.0,0.0,340.2,88,339.55,339.95
0.5555555555555556,7.477474112782545e-05,9475698.900000002,-0.5,134.99,137,133.74,134.02
0.3170731707317073,-0.0010456345713327764,10579704.399999999,-0.5,134.99,364,133.82,134.05
0.4,-0.00037198229793222737,3319419.1999999997,-0.5,134.99,142,134.39,134.06
0.31343283582089554,-0.00048563335636764293,4195163.5,12.5,3099.0,586,3088.0,3090.0
-0.3333333333333333,-0.0003876119277954615,10872874.100000003,0.4199999999999875,129.69,110,128.97,129.0
1.0,-0.005221943981151611,3567957.5,0.00520000000000001,0.20145,75,0.191,0.19395
1.0,0.0032754004664415637,174882.3,0.0030000000000000027,0.9728,106,0.948,0.9468
0.3333333333333333,0.0002074688804122038,14457.499999999998,0.0,0.9923,301,0.9641,0.9655
1.0,-0.00030995738334116396,3155292.4,0.2300000000000182,130.05,50,129.03,129.18
0.05263157894736842,-0.0004635710505640489,10156497.9,0.2300000000000182,130.05,233,129.4,129.23
0.5,-0.0026007817000571753,1006051.0,-0.02300000000000013,2.744,236,2.688,2.69
0.4482758620689655,-0.002500001302085053,96120.0,0.6499999999999773,161.55,304,159.8,160.1
-0.6,-7.680196616899337e-05,3689740.9999999995,0.2300000000000182,130.42,72,130.2,130.12
0.4666666666666667,0.0017667849118856438,3065734.5,0.0,284.7,480,283.25,283.1
0.0,-0.0006162378873186825,13205885.600000001,0.2300000000000182,130.42,57,129.78,129.87
0.0,-0.0005095541511528356,1076608.5,-0.018999999999999684,4.009,56,3.924,3.9375
0.3333333333333333,0.0016435935174810012,55322.0,-0.018999999999999684,4.009,69,3.958,3.94
1.0,0.003448939996699707,5312499.2,-0.25,130.77,203,130.7,130.76
0.6363636363636364,-0.003156568277546727,833992.6000000001,-0.009999999999999898,0.9535,161,0.9489,0.9487
0.2,-0.0007898894565510073,483729.0,0.004999999999999893,2.594,200,2.531,2.521
0.4666666666666667,0.000809782212847665,25360374.0,33.0,3147.5,359,3088.5,3096.0
0.1111111111111111,0.0012976481950683905,16124992.0,33.0,3147.5,84,3084.5,3086.0
0.7777777777777778,0.00011013822358307834,1415996.0,88.0,9219.0,70,9080.0,9090.0
0.0,-0.00038773215948495476,2139381.8000000003,0.4199999999999875,129.69,55,128.93,128.9
0.4857142857142857,-0.0003214400541988738,5998270.0,15.0,3122.0,534,3110.5,3112.0
0.0,0.0,3329785.0,15.0,3122.0,51,3077.0,3081.0
0.7333333333333333,-0.0006582556463694544,227972.0,17.0,9189.0,159,9112.0,9112.0
0.5,-0.0008690929390056112,220976.0,15.0,9379.0,25,9201.0,9205.0
0.391304347826087,-0.0008169267671060965,1769548.5,12.5,3118.0,379,3059.0,3061.5
0.6842105263157895,0.0016326534238864099,6753108.0,12.5,3118.0,217,3065.0,3057.5
0.39473684210526316,-0.0009773579536744847,2678143.5,12.5,3118.0,544,3068.0,3062.5
0.8181818181818182,-0.00015527950341809316,12538340.799999991,0.06999999999999318,131.34,167,128.79,128.77
0.3333333333333333,-0.00016016657357909025,380906.5,1.6999999999999886,314.1,58,312.15,312.0
0.5,0.0022612977003033663,3631095.700000001,0.0,128.64,149,128.39,128.39
0.13043478260869565,0.0005515502641504355,59150201.999999985,0.29000000000000625,127.69,481,126.95,127.03
0.5,0.0008651540120423462,1579538.9000000001,0.29000000000000625,127.69,64,127.2,127.28
0.0,0.001965676901168223,1476693.0,-1.1999999999999886,331.8,67,331.0,330.8
0.5,0.0,352602.4,0.29000000000000625,128.28,163,127.79,127.9
-0.07692307692307693,0.0006999261474840424,10619382.199999994,0.29000000000000625,128.69,127,128.63,128.56
-0.125,0.0,578646.0,-12.5,3063.0,113,3046.0,3047.5
0.5,-0.001677008610369235,1417953.5,8.0,2995.5,85,2979.0,2988.0
1.0,-0.00488436540653403,1219500.0,-500.0,176800.0,41,173600.0,173900.0
0.25,0.0,1706240.8,0.0,128.64,58,128.0,127.82
0.2,0.002956832432203349,270125.0,0.44999999999998863,171.0,186,169.35,169.3
-0.2,-0.0005913660728218417,794910.0,0.44999999999998863,171.0,112,169.05,169.45
0.6666666666666666,-0.0009969708253212417,1219509.2,-0.5099999999999909,130.93,77,130.33,130.33
0.5384615384615384,0.0036588421534695156,820364.6999999998,-0.0008000000000000229,1.02,144,1.0131,1.016
1.0,0.00012209266848706157,937755.5,-0.01950000000000074,4.208,39,4.0955,4.0975
0.38461538461538464,0.0004882216623278701,106483.0,-0.01950000000000074,4.208,152,4.0975,4.094
0.9230769230769231,-0.0013342230131367927,1062736.0,0.75,337.95,123,337.05,336.95
0.28,-0.0001285099275687429,20228.7,0.09000000000000341,77.9,222,77.81,77.8
0.0,-0.0003629544532011142,95064.0,-0.013500000000000512,4.1555,48,4.132,4.137
0.21739130434782608,-0.00010326844641798949,497854.0,0.008399999999999963,0.9743,243,0.9683,0.9674
-0.25,0.00014796182611886977,33788.0,0.00023999999999999022,0.06784,84,0.06759,0.06761
0.0,-0.00030641949067700125,817279.9,0.03999999999999204,131.25,140,130.52,130.67
0.3333333333333333,0.0,2482553.3,0.03999999999999204,131.25,171,130.34,130.69
-0.45454545454545453,0.0005957700503893548,83920.0,1.25,169.4,145,167.9,167.8
0.3333333333333333,0.00038872692423463917,3024882.5,0.3400000000000034,129.99,114,128.65,128.68
0.36585365853658536,0.00023316364307213178,376910.0,0.3400000000000034,129.99,347,128.68,128.55
0.2,-0.0006315124933590627,451483.49999999994,0.0024000000000000687,0.9537,148,0.9498,0.9504
1.0,-0.0006184770201009826,18687808.599999994,0.3400000000000034,129.99,74,129.31,129.29
0.03225806451612903,-0.00038797284676839183,150838.7,-0.07999999999998408,129.78,218,128.85,128.85
1.0,0.0005233547155967244,164279.1,0.519999999999996,77.1,42,76.45,76.45
0.75,7.76608550854263e-05,1620741.5999999999,0.19999999999998863,129.43,76,128.77,128.79
0.38461538461538464,0.0025612307902251885,1056308.5,1.6999999999999886,314.1,140,312.75,313.1
-0.08333333333333333,-0.00015481074417422747,985712.2999999999,0.19999999999998863,129.6,171,129.18,129.01
0.0,0.0009062075835375438,115915.0,0.0,166.5,39,165.6,165.5
0.6666666666666666,0.00016519368997691686,42371.0,2.0,3038.0,63,3027.0,3027.5
0.8,0.0010756158937432758,492828.0,-67.0,9408.0,192,9302.0,9312.0
0.6,0.0006011421882261558,182965.0,1.5500000000000114,167.2,317,166.4,166.35
0.2727272727272727,0.0003215261803592995,1250756.0,-67.0,9408.0,781,9332.0,9327.0
-0.2,0.0001529285826498139,2987895.900000001,-0.20000000000001705,131.48,67,130.79,130.74
0.6666666666666666,0.0004980079784204783,148412.5,-0.03000000000000025,4.056,67,4.017,3.993
0.5714285714285714,0.004444451760424073,758966.0,-0.03249999999999975,3.9325,160,3.8335,3.8395
0.28888888888888886,-0.0028694424279525066,3364934.0,9.5,782.0,413,765.6,766.3
0.0,0.0004375410264509938,70835.0,11.0,2304.0,66,2286.0,2283.0
0.0,0.00011601601033953135,629822.9999999998,0.0034000000000000696,0.8813,78,0.862,0.8674
-0.3333333333333333,-0.0005719655342426577,927639.8,0.519999999999996,123.15,92,122.35,122.36
0.2222222222222222,-0.003051108392896351,523692.5,0.0,4.032,231,3.927,3.926
0.09090909090909091,0.0,1873405.0999999999,0.3999999999999915,124.39,199,122.6,122.4
0.3684210526315789,0.0003092624116192155,3870194.8000000035,0.5,129.5,574,129.36,129.6
-0.061224489795918366,-0.0036145978584478655,17738.0,3.0,9035.0,407,8837.0,8841.0
0.1,-7.930528573929507e-05,701115.8,1.0499999999999972,127.45,146,126.09,126.15
0.375,0.00011593530822792686,571902.4999999999,0.0020999999999999908,0.8879,102,0.8626,0.8647
0.38461538461538464,0.00025097251982675317,1988198.3900000032,0.3199999999999932,162.99,154,159.4,159.5
0.4,0.0008000000426662268,515960.0999999999,1.0499999999999972,127.45,175,125.05,124.98
0.45454545454545453,-0.000721124986180044,7324438.4,1.0499999999999972,127.45,178,124.76,124.65
-0.047619047619047616,-0.0005608300431418911,1524490.2999999998,1.0499999999999972,127.45,250,124.78,124.72
1.0,0.0030721990369699803,57200.0,0.0,35.97,78,35.86,35.99
0.3684210526315789,0.0005717553043120827,1103150.5,-0.0010999999999999899,0.1759,225,0.17495,0.175
0.23076923076923078,-0.0023583062576859604,1318105.9,-0.1799999999999926,127.69,145,127.06,127.1
0.36363636363636365,-0.00015171053658757927,25763221.5,-1.1999999999999886,334.15,120,329.55,329.5
1.0,-0.0014430817845401123,3968406.0,-110.0,9080.0,123,9002.0,9000.0
0.3103448275862069,0.0006847751922458289,156768.5,0.0,0.8796,180,0.8765,0.8762
0.24324324324324326,0.0011918952543323869,50295.0,0.5,168.2,217,167.9,168.0
-0.3333333333333333,-0.0019383607542227121,56804.0,0.0,2.616,88,2.577,2.576
0.6666666666666666,-0.000812017909011864,2681945.6999999997,0.14000000000000057,123.64,97,123.1,123.12
0.2727272727272727,-0.00032626427695614524,12407884.799999999,0.14000000000000057,123.64,183,122.58,122.57
0.0,0.0011183598556137042,1815172.6000000003,-0.6299999999999955,107.74,53,107.36,107.46
0.75,0.000629326641286454,411776.19999999995,-0.0002899999999999986,0.06381,96,0.06358,0.06359
0.3684210526315789,0.0008216927331670121,1946037.0999999999,-0.25,121.94,177,121.75,121.6
0.6,0.0012322860462647967,1674373.7,-0.25,121.94,74,121.8,121.78
0.3333333333333333,0.0001612253127234453,1286195.1,-0.25,124.37,108,124.06,124.08
0.125,-0.0006279435057203742,4692903.0,-1.7999999999999545,321.0,110,318.4,318.1
0.6,0.005408202726017386,1932211.0,0.10000000000002274,799.2,228,778.7,780.1
0.6,0.0013719083780294739,377659.5,0.9000000000000057,125.95,69,124.0,123.59
-1.0,0.00016016657357820208,6890491.999999999,0.9000000000000057,125.95,35,124.88,124.83
0.09433962264150944,-0.0015017272682564808,17315.8,-0.30000000000001137,168.35,606,166.35,167.5
0.23809523809523808,0.00031862354897604916,1527611.5,-0.5499999999999545,314.5,558,313.9,314.15
0.17647058823529413,-0.0005844535525802996,32160.55,0.0,174.85,204,171.05,172.45
0.42857142857142855,-0.0010151712563235549,186270.0,-9.0,8873.0,40,8861.0,8868.0
-0.2727272727272727,-0.004020914142791376,36888598.5,-0.5499999999999545,315.0,77,310.25,310.35
0.3333333333333333,0.003626812753874553,24257188.60000001,-0.009999999999990905,136.41,27,135.35,135.13
0.5,0.0019215378210262202,280886.5,0.5500000000000114,317.25,114,312.55,313.2
0.3333333333333333,-0.0014364378816562606,56430.0,0.5500000000000114,317.25,214,313.05,313.5
-0.2,-0.0015992327093057312,1091984.5,0.5500000000000114,317.25,71,312.4,312.75
0.4098360655737705,-0.0013692380048855313,1017050.0,30.0,8822.0,416,8758.0,8746.0
1.0,0.0012589703286967069,30021982.5,0.0058,0.1999,91,0.1987,0.19935
0.3125,-0.0016156278758510112,2145731.8000000003,2.5900000000000034,137.77,519,136.06,136.15
1.0,0.0021114638060723417,926266.5000000003,0.0040000000000000036,0.9168,67,0.9008,0.898
0.3333333333333333,-0.00022794620568333812,140404.0,30.0,8893.0,131,8773.0,8765.0
-0.1111111111111111,0.0033361165220103725,793403.4,0.029999999999999916,0.979,64,0.9608,0.9644
0.8,-0.00037278658400108355,1099936.9,-0.0800000000000125,134.4,141,134.1,134.1
-0.043478260869565216,0.0,910503.0,-42.0,8861.0,189,8843.0,8844.0
1.0,0.0003735106307196645,1008827.7,-0.0800000000000125,134.4,64,133.89,133.7
1.0,-0.0016077173880955087,5200487.0,-72.0,8978.0,137,8701.0,8685.0
1.0,0.0018656721829497513,2598338.5,-0.05000000000001137,326.4,79,321.9,321.25
1.0,0.00026074486263016894,5307096.8999999985,-0.4899999999999949,115.2,66,115.07,115.07
0.07692307692307693,-0.0008923260556397139,3363.5,-0.0001799999999999996,0.0686,166,0.06721,0.06711
1.0,-0.0027724848811123692,1880434.0,-10.0,2964.5,68,2881.5,2885.0
-0.6,-0.0006278646530113452,51809.5,-0.00649999999999995,4.0,91,3.9805,3.9825
0.14285714285714285,-0.0013825176587789478,51747.0,-0.00649999999999995,4.0,69,3.9755,3.9585
0.1111111111111111,0.0010169492401850277,241812.5,7.0,2972.0,142,2951.5,2952.0
0.3333333333333333,0.0006781960246380336,477576.5,7.0,2972.0,47,2950.0,2947.5
0.6666666666666666,-0.000394036913221818,175518.38,0.5099999999999909,155.89,154,152.24,152.2
0.2413793103448276,0.00032441200608968046,1393472.5,2.1999999999999886,308.75,300,308.3,308.35
0.42857142857142855,0.0002408574536953978,818025.1000000001,0.4199999999999875,127.4,134,124.57,124.41
0.14285714285714285,8.03503274706685e-05,4432555.199999999,0.4199999999999875,127.4,97,124.46,124.5
1.0,0.001610738603285533,1284325.0,0.5,193.0,69,186.4,186.45
-0.3333333333333333,-8.024716129906295e-05,27305522.5,0.4199999999999875,127.4,53,124.61,124.48
0.6666666666666666,-0.0012322860462647967,736078.0,-9.0,2876.5,46,2838.5,2836.0
1.0,0.0,1354585.0,-0.5,188.45,39,188.15,188.0
0.42857142857142855,-0.0019627091678495745,16913630.5,-0.6999999999999886,132.84,151,127.25,127.46
0.28,-0.0009449563660872684,8661371.599999998,-0.6999999999999886,132.84,181,126.93,126.9
0.0,-0.0002292789188080846,11774.6,-0.15000000000000568,131.48,90,130.83,130.86
1.0,0.0006860017800178753,902097.2000000001,-0.15000000000000568,131.48,90,131.24,131.17
0.6,-0.0009411765400635375,1005671.1999999998,0.20000000000000284,74.6,118,74.34,74.26
1.0,0.001121166130096718,7214075.0,-1.0,313.45,71,312.35,312.35
0.5,-0.0011348592101292354,3730137.0,-0.09000000000000341,132.47,172,132.1,132.2
0.3333333333333333,-0.0013222268222798927,718466.5,0.0012500000000000011,0.19135,47,0.18895,0.18945
0.5555555555555556,0.00041623309653981977,28824.0,16.0,2409.0,98,2403.0,2404.0
1.0,-0.0013285507467613034,160074.0,0.0009499999999999786,0.1895,49,0.18805,0.18785
-0.3333333333333333,0.0022610671429621476,9591337.0,-10.5,2900.0,136,2878.0,2871.5
0.5555555555555556,0.0013608530111046402,260863.49999999997,-0.0025999999999999357,0.9196,55,0.8824,0.883
0.1111111111111111,0.0,5274650.3,0.3100000000000023,131.84,111,131.75,131.71
1.0,0.00017647577915713697,1944385.0,5.0,2852.0,41,2833.5,2839.5
-0.17647058823529413,0.0004512974879151699,337585.2,0.37000000000000455,134.75,156,132.98,132.98
0.0,0.0005324813757336955,150200.0,-0.30000000000001137,191.0,182,187.85,187.75
0.3684210526315789,0.0025078383049638997,777096.8000000013,0.008499999999999952,0.7993,100,0.7985,0.7979
0.4,-0.0002582978188199192,657985.0,0.6999999999999886,197.1,140,193.55,193.65
0.3684210526315789,-0.00033613445694680166,8519554.5,-0.5,301.95,208,297.45,297.3
0.09090909090909091,0.0007651435017290709,442172.0,-0.14000000000000057,118.5,321,117.67,117.76
0.6,-0.0002545500841035775,982884.3,-0.14000000000000057,118.5,147,117.84,117.53
0.0,0.0017892785724740734,29039.8,0.0007000000000000339,0.7427,89,0.7272,0.7327
0.6,-0.00218249058343023,1389996.0,-0.5,301.95,126,297.5,297.15
0.2857142857142857,-0.0005956686556594093,339828.4,-0.14000000000000057,118.5,167,117.48,117.5
0.6666666666666666,0.0005955672954360836,2355486.3,-0.14000000000000057,118.5,131,117.57,117.5
0.2,0.0,15351920.500000007,-0.14000000000000057,118.5,93,117.77,117.6
0.2222222222222222,-0.0013578886920546651,1075693.8,-0.14000000000000057,118.5,189,117.75,117.92
1.0,0.0016946284346959217,6477677.700000001,-0.14000000000000057,118.5,207,118.12,118.26
0.6666666666666666,0.0003350645030515409,27449812.5,-0.5,301.95,256,298.5,298.45
0.3333333333333333,-0.0008445233168101751,2053214.700000001,-0.14000000000000057,118.65,113,118.36,118.5
0.3333333333333333,-0.0022741639618111265,8793708.19999999,-0.14000000000000057,119.2,111,118.59,118.84
0.625,0.0023580944058236852,1936737.6,-0.14000000000000057,119.2,214,118.88,118.98
0.2,0.0,445246.8,-0.14000000000000057,119.69,216,119.69,119.69
-0.7777777777777778,-0.0009927201344721581,6259113.000000002,0.10999999999999943,122.78,121,120.82,120.87
0.6,0.015873349156290573,779938.7500000009,0.6500000000000057,152.95,86,152.4,155.25
0.08571428571428572,-0.0007443245598572901,983356.7000000001,0.10999999999999943,122.78,282,120.87,120.76
0.8,0.00464181554481069,1172705.1500000001,0.6500000000000057,167.45,151,161.95,160.95
0.25,0.0005159958834817235,18596.0,-0.029000000000000026,0.7797,131,0.7754,0.7722
0.0,0.0004998750416511655,8148703.599999998,0.10999999999999943,122.78,174,120.06,119.91
0.0,-0.0002109037232322919,5697841.0,-8.0,9554.0,66,9482.0,9498.0
0.3333333333333333,-0.007211059879419501,66973.3,0.15000000000000568,95.0,127,93.96,93.99
-0.14285714285714285,-0.000508776403750133,4155637.8000000003,0.010000000000005116,120.98,87,117.9,117.95
0.0,0.0003379234635518813,20486838.399999965,0.010000000000005116,120.98,170,118.39,118.18
-0.047619047619047616,-0.0008188890862957376,605719.3,0.0045999999999999375,0.7714,120,0.7324,0.7354
0.1111111111111111,0.0026395349311121308,6144604.1000000015,0.010000000000005116,120.98,97,117.6,118.04
0.3333333333333333,0.00017019828140796278,665076.2000000001,0.010000000000005116,120.98,199,117.52,117.33
0.6,-0.0009816984169663812,59922.8,0.1700000000000017,72.0,158,71.27,71.33
0.7272727272727273,0.0018604656529195296,18795.0,-1.0999999999999943,189.85,295,188.3,188.3
0.16666666666666666,0.0,37054492.399999954,0.010000000000005116,120.98,153,118.0,118.0
1.0,0.0,39880.0,-0.02100000000000035,3.998,96,3.988,3.991
0.6,0.0,240949.5,-3.5,2840.0,382,2835.0,2832.0
0.6666666666666666,0.001252505173761076,55853.5,-0.02100000000000035,4.0215,86,3.9945,4.008
0.0,0.0,219728.0,-0.02100000000000035,4.0215,82,3.996,3.9955
0.2,0.0,137250.0,0.0,309.8,44,305.0,305.0
0.13043478260869565,-0.0011953145099994344,661463.0,9.0,8448.0,193,8361.0,8341.0
0.6,0.0,97415.0,0.25,196.2,321,194.95,194.55
0.6,-0.00035366932287228536,757681.0,6.0,2847.0,79,2827.0,2826.0
0.05263157894736842,-0.0004897959281588982,192384.8,0.0799999999999983,123.71,285,122.47,122.45
0.3333333333333333,0.008941577215498181,4529522.900000002,0.0037000000000000366,0.8339,55,0.8313,0.83
0.3333333333333333,-0.0006021557356633012,5205018.799999997,0.0037000000000000366,0.8339,46,0.8301,0.831
0.6,-0.0005712187515065636,1250256.0,0.12999999999999545,123.67,96,122.51,122.38
1.0,0.0004138787394385446,4074426.4000000013,0.3399999999999892,73.19,107,72.5,72.5
0.0,0.0,58175.0,-0.05000000000001137,196.1,197,193.95,193.85
0.6666666666666666,-0.0001684494234588385,5195527.8,0.23000000000000398,119.74,49,118.72,118.61
0.2,0.0004213187338493185,2423530.400000001,0.23000000000000398,119.74,60,118.7,118.62
-0.0625,-0.0015555401566941796,124339.7,-0.009500000000000064,0.7348,246,0.7066,0.707
0.3333333333333333,-0.00018183471274735297,9338847.5,2.0,2773.0,136,2749.5,2749.0
0.2,-0.0005092081922812852,5681327.7,0.030000000000001137,118.54,100,117.8,117.84
1.0,0.0004777260332108624,10045.2,0.0,0.8447,128,0.8375,0.837
0.6,-0.0001269921901509985,121996.5,-0.002000000000000224,3.949,127,3.937,3.935
-0.043478260869565216,8.365750621841528e-05,308471.0,0.09000000000000341,120.39,240,119.54,119.48
-0.09090909090909091,0.0001269921901509985,90551.0,-0.002000000000000224,3.949,99,3.9375,3.9375
-1.0,-0.00012686330495936815,23649.0,-0.002000000000000224,3.949,65,3.941,3.9415
0.0,0.0010032606810908007,10677271.500000002,0.09000000000000341,120.39,101,119.67,119.56
0.5,0.0003701647275278219,1945205.0,-22.0,8141.0,84,8106.0,8091.0
0.5384615384615384,0.0010037641997108215,10361.900000000001,0.0018999999999999018,0.8024,109,0.7974,0.7982
0.23076923076923078,0.0011169718815668972,475140.0,-22.0,8141.0,87,8062.0,8079.0
0.6666666666666666,-0.0001685345921247361,169702.50000000003,0.23000000000000398,119.74,51,118.66,118.62
1.0,0.00018428084452803972,5834150.0,7.0,2729.0,58,2713.5,2718.0
-0.47368421052631576,0.00042374677527146076,712501.2,0.23000000000000398,119.74,126,118.02,118.19
0.1111111111111111,-0.0006704659989676398,7458.0,9.999999999998899e-05,0.7623,216,0.7455,0.7406
0.1891891891891892,-0.0010443865179059486,287315.0,0.9499999999999886,192.0,314,191.4,190.8
-0.06666666666666667,-0.0001656040411166515,15097.5,-0.6999999999999886,305.75,124,301.9,301.95
0.45454545454545453,0.0019210697075360272,837286.1,0.0,119.94,200,119.84,120.06
0.375,-0.0006668889877037287,3325984.000000001,0.0,120.24,148,119.92,119.94
-0.06666666666666667,-0.001335559463964131,1414139.9000000001,0.0,120.24,101,119.72,119.88
1.0,0.0003339176923926601,3307764.8000000003,0.0,120.24,87,119.81,119.75
0.0,0.00033347228320668165,370526.10000000003,0.0,120.24,96,119.97,119.64
0.16666666666666666,0.0004174842460331618,21554.2,0.0,120.24,131,119.79,119.65
0.06666666666666667,0.0005018820682511915,6876911.600000001,0.0,120.24,98,119.58,119.6
-0.5,-0.0005854556266422506,5980.0,0.0,120.24,81,119.53,119.53
0.25,0.0003024346008233536,257670.5,-0.0006500000000000117,0.1669,363,0.16535,0.1651
0.0,-0.001723733091537838,2523105.0,-0.6000000000000227,320.7,245,318.8,319.1
0.0,0.0010933230296430452,11335852.5,-1.25,320.5,96,320.3,320.6
0.3333333333333333,-0.0004529327472306832,3179430.5,-1.3000000000000114,332.05,92,331.1,330.9
0.16129032258064516,-0.00015093200541826945,142398.5,-1.3000000000000114,332.05,249,331.25,331.25
0.6363636363636364,0.0004856137038498076,1260254.0,-21.0,8239.0,124,8239.0,8240.0
0.0,0.0013011154251909574,338674.9,0.4000000000000057,107.74,67,107.67,107.41
0.0,0.00042025636256326493,1670986.8000000005,-0.030000000000001137,120.09,75,119.0,119.03
0.3333333333333333,0.0002521326230953136,19185893.9,-0.18999999999999773,119.78,165,119.0,119.13
-0.10344827586206896,0.002938832460680274,4036350.2,-0.18999999999999773,119.78,289,119.27,119.07
0.225,-0.00015754233982967492,1110765.0,0.8500000000000227,318.55,650,317.35,317.35
-0.14285714285714285,0.00018313341320297383,13404659.5,-7.5,2761.5,98,2730.5,2733.0
0.7777777777777778,-0.0021978030824794104,1842145.5,-7.5,2761.5,46,2727.0,2732.5
0.2857142857142857,0.0005374177208483655,1078444.5,-0.016000000000000014,3.75,190,3.7225,3.7255
0.1111111111111111,0.00018363786664377102,822049.5,-7.5,2761.5,65,2723.0,2720.0
1.0,-0.0003678499213819464,7596783.0,-7.5,2761.5,43,2718.0,2718.5
1.0,0.0023925657865833116,12153979.0,-7.5,2761.5,35,2720.0,2714.5
-1.0,-0.0009200479073880885,1033347.5,-7.5,2761.5,41,2716.0,2717.5
0.023809523809523808,-0.0007350239213685938,18614968.0,-7.5,2761.5,545,2720.0,2718.5
0.2727272727272727,0.0012873564996320752,769005.5,-7.5,2761.5,62,2720.5,2721.5
0.3333333333333333,0.0005516227040676114,5337077.0,-7.5,2761.5,109,2720.0,2718.5
-0.14285714285714285,-0.0012904416944214958,2383966.0,-7.5,2761.5,99,2710.5,2711.0
0.42857142857142855,0.0,1046294.5,-7.5,2761.5,68,2711.0,2708.5
-0.6470588235294118,-0.0010465725706705342,10112800.0,-0.20000000000001705,191.45,322,191.0,191.4
0.6666666666666666,0.0005056037859452189,783997.9,-0.3100000000000023,118.96,46,118.7,118.77
0.6363636363636364,0.0006029544952041999,174171.0,-0.00040000000000001146,0.1664,128,0.1659,0.1658
-0.5555555555555556,-0.0021144850047152275,565034.0,-0.00040000000000001146,0.1664,82,0.16535,0.16535
-0.2,0.0009239298470626878,19731225.5,-0.6000000000000227,324.85,50,324.85,324.5
-0.09090909090909091,0.004751330878857374,100864.5,-0.6000000000000227,327.1,83,327.0,327.35
-0.058823529411764705,0.00012834499151281875,428601.0,-0.025000000000000355,3.95,136,3.896,3.9005
-0.1111111111111111,0.0008382230163883619,12348767.899999997,-0.3100000000000023,119.75,155,119.35,119.35
0.8181818181818182,0.00028281876219615754,717106.6,0.09999999999999432,108.8,161,106.09,106.12
0.125,0.0003228410036113516,89782.0,0.14999999999997726,314.65,114,309.8,311.15
1.0,0.0017137964777349524,14380834.8,0.3200000000000074,117.25,50,116.8,116.8
0.3333333333333333,-0.0003425244082126966,11533025.899999997,0.3200000000000074,117.25,124,116.76,116.72
0.0,0.0022308031559310493,3919933.1999999993,0.3200000000000074,117.25,59,116.68,116.67
0.7142857142857143,-0.0018949368761109753,9508.0,-12.0,9519.0,58,9490.0,9459.0
-0.3333333333333333,0.0016493775170252079,35920915.2,0.3200000000000074,117.25,122,115.29,116.02
0.0,0.0016493775170252079,54714225.49999998,0.3200000000000074,117.25,28,115.29,116.02
-0.2857142857142857,0.0004033071238378483,9187330.100000001,0.10999999999999943,124.94,113,124.0,124.0
0.3939393939393939,-0.0016144225220449115,111585.0,-0.028500000000000192,3.8055,239,3.7135,3.715
0.5,0.0,567995.0,2.5,568.0,105,568.0,567.5
0.0,0.0015488081351628935,4621959.299999999,0.21999999999999886,123.75,47,122.77,122.83
-0.3333333333333333,-8.152949333961601e-05,763983.8,0.21999999999999886,123.75,176,122.65,122.57
-0.14285714285714285,-0.001469867976545025,13630707.499999998,0.21999999999999886,123.75,117,122.37,122.41
-0.14285714285714285,-0.0006519967631133383,1162340.5,0.21999999999999886,123.75,118,122.66,122.56
0.19402985074626866,-0.0012068388994090906,410493.0,-0.019000000000000128,3.7555,471,3.7265,3.727
-0.06666666666666667,0.0001201129062753381,16650.0,-85.0,8355.0,78,8326.0,8322.0
-0.6666666666666666,0.0010735374085228955,4441412.0,-85.0,8394.0,57,8388.0,8388.0
0.1111111111111111,0.001284993292924419,338330.69999999995,-0.37999999999999545,109.4,52,109.02,109.04
0.5238095238095238,0.0013037811494829299,3278992.799999999,-0.4900000000000091,122.85,128,122.8,122.77
-0.42857142857142855,-0.0005951318392636296,3998664.0,-85.0,8405.0,114,8399.0,8399.0
0.3333333333333333,0.0,934503.6,0.23000000000000398,67.75,67,67.26,67.26
0.0,-0.0002353218036512672,679860.0,-0.5,213.95,110,212.45,212.4
-0.6,0.0005252790665755125,125614.5,-0.00849999999999973,3.8275,91,3.8085,3.8105
0.4594594594594595,-0.0004687133903482632,41613.0,0.44999999999998863,321.55,769,319.95,319.65
0.3333333333333333,-0.000896459047036835,111600.0,1.7999999999999545,562.7,108,557.5,557.0
0.7142857142857143,0.0019043090734580659,1072985.0,0.0,842.7,107,841.0,841.7
0.5135135135135135,-0.0004547177039322392,170218.1,0.07000000000000739,66.14,253,65.96,65.9
0.2,0.0009017133162823043,3680790.0,-0.19999999999998863,221.95,85,221.9,221.8
0.25,-0.000585103287420452,530056.0,35.0,8599.0,86,8543.0,8542.0
0.6,-0.0010018367844111253,627935.7000000001,-0.29999999999999716,120.22,120,119.72,119.73
0.16666666666666666,0.0008348639656734491,125746.9,-0.29999999999999716,120.22,159,119.83,119.87
0.75,0.0008343763521194703,63494.0,-0.29999999999999716,120.22,234,119.9,119.78
-0.6666666666666666,-8.379771237176925e-05,477300.0,-0.29999999999999716,120.22,48,119.33,119.4
0.6666666666666666,0.0005864365769374658,1560882.0999999999,-0.29999999999999716,120.22,107,119.4,119.27
-1.0,-0.0007734379701620497,54324.0,0.0,9163.0,24,9047.0,9041.0
0.0,0.000998253140047256,801.0,0.0,0.82,111,0.8018,0.8018
0.2222222222222222,0.0,46393.5,-0.0012999999999999678,0.8029,190,0.7995,0.8
0.5555555555555556,0.0005057742668714837,1510076.7999999998,-0.29999999999999716,120.22,120,118.66,118.67
0.0,0.0005898959426104966,1433851.6999999995,-0.29999999999999716,120.22,143,118.7,118.66
0.7142857142857143,0.0,636942.5,-0.025500000000000078,3.8885,212,3.816,3.8135
0.0,0.0004213542387363489,1317297.4,-0.29999999999999716,120.22,21,118.69,118.72
0.125,-0.00016837851529949432,3122033.1,-0.29999999999999716,120.22,79,118.77,118.89
-1.0,0.0018053805228674946,84402.1,1.5999999999999943,141.35,81,138.6,138.3
0.0,-0.002166848085090045,44625.600000000006,1.5999999999999943,141.35,35,138.3,138.3
-0.25,0.00016833599905030638,7555174.7,-0.29999999999999716,120.22,82,118.82,118.49
0.6,-0.0008216927331676782,243406.0,-0.0029999999999996696,2.437,137,2.433,2.434
-1.0,-0.0020903788737024753,10872196.399999993,-0.00039999999999995595,0.8207,70,0.8124,0.8118
-0.25,-0.001698273830191832,3097416.5,4.999999999999449e-05,0.17695,175,0.1765,0.17635
0.2857142857142857,0.0005702880108939823,1236885.7999999998,0.14000000000000057,122.82,141,122.78,122.86
0.6666666666666666,0.0019515374546266173,9708304.799999997,0.14000000000000057,123.12,97,123.1,123.2
0.7777777777777778,-0.00015029683653455805,3290118.0,1.1000000000000227,332.75,125,332.65,332.4
0.14814814814814814,0.0,5543061.5,0.1500000000000341,338.0,318,335.5,335.55
0.3333333333333333,0.0,6854.0,0.0012999999999999956,0.1739,89,0.1714,0.1716
0.5,0.0005202913749009497,57645.0,1.8999999999999773,193.35,76,192.25,192.15
0.75,0.00226737691975476,521206.0,1.5,2904.0,62,2870.0,2867.0
0.8666666666666667,0.0008277656713406856,5891454.0,-0.2999999999999545,864.6,185,846.0,843.1
-0.16666666666666666,0.0,288330.6,0.0001699999999999896,0.06383,184,0.06365,0.06365
0.391304347826087,-0.0019876770606996885,191295.4,0.0,127.28,349,125.65,125.6
-0.5714285714285714,-0.0004892368003641678,102180.0,0.3499999999999943,206.8,296,204.35,203.75
-0.2857142857142857,0.00026656004422775936,187553.5,0.0009999999999998899,3.8585,133,3.752,3.753
0.38461538461538464,0.001747280247569094,1244238.5,-0.8500000000000227,318.05,124,315.05,315.4
-0.06666666666666667,-0.000935391262162133,18711.5,0.017999999999999794,3.7685,168,3.74,3.742
0.08695652173913043,0.0,3524950.0,-38.0,9482.0,469,9425.0,9425.0
0.75,-0.0014194466542267747,1289120.0,-0.5,215.7,119,211.2,211.25
1.0,0.005792233560171667,12208867.0,-38.0,9542.0,123,9523.0,9515.0
0.3333333333333333,0.0022638671472319516,1294148.9999999998,-0.0015000000000000568,0.8077,51,0.796,0.7952
1.0,0.0006361323369734606,179153.0,-38.0,9610.0,107,9435.0,9444.0
1.0,0.0013771918062097654,3010734.0,-38.0,9610.0,51,9446.0,9430.0
0.4117647058823529,0.0,1084350.0,0.9499999999999886,212.0,243,208.45,208.8
0.0,-0.0012589415110564606,139886.0,0.0028000000000000247,0.8964,78,0.8732,0.8722
1.0,0.0017477429441603576,658669.5,0.0010999999999999899,0.17195,79,0.1718,0.1718
0.07692307692307693,0.0014585960286692679,210981.5,0.0,3.794,170,3.7735,3.771
0.5135135135135135,0.00020865936434688592,191678.0,-15.0,9628.0,398,9586.0,9581.0
0.2,-0.0003491010683038809,50990.95,0.9000000000000057,145.0,79,143.2,143.2
0.4,0.00011909724303915681,209932.0,-0.7000000000000455,847.3,141,839.7,840.0
0.5324675324675324,0.0009190573744792818,53302.5,0.0,3.8105,629,3.81,3.8085
0.16666666666666666,0.0,1189999.2000000002,0.06999999999999318,66.61,99,66.01,66.0
1.0,0.0,342187.00000000006,0.06999999999999318,66.61,72,66.06,65.93
-0.25925925925925924,-0.0001318478477749796,963428.0,-0.03100000000000014,3.8225,253,3.792,3.792
0.6363636363636364,0.001213276862586099,2184798.0,0.5,2910.0,206,2886.5,2885.5
-1.0,-0.0026007817000573696,808.5,-0.0010000000000000009,0.8118,144,0.8064,0.8062
0.875,-0.0006870491510380106,20241.85,-1.1999999999999886,148.6,105,145.5,145.6
0.6,0.0,2328.0,-0.75,233.1,208,232.8,232.5
0.5,0.0013296106200266777,1879.0,-0.5,1895.0,118,1881.5,1881.0
0.0,-0.00011693854892583233,1710.4,-0.006200000000000094,0.8622,29,0.8551,0.8551
0.8333333333333334,-0.00023983691205042845,6068060.0,-0.19999999999998863,209.9,187,208.45,209.0
0.4,0.0,821773.6000000001,0.28000000000000114,67.41,104,66.6,66.54
0.2,0.0009523810243674546,29313120.5,0.0,322.55,337,315.15,315.3
-0.07692307692307693,0.0006120325792364767,3478566.0,-0.3199999999999932,83.5,134,81.72,81.65
0.5,0.00025347471725467585,391654.8,0.01999999999999602,119.4,210,118.37,118.26
0.0,0.0019029501460861575,1860438.9,0.0017000000000000348,0.9037,30,0.8942,0.8922
0.4,-0.0009613074520640197,1040535.0,0.5999999999999943,210.35,176,207.95,207.75
0.5,0.00029252596376494466,23920.5,-0.0002999999999999947,0.1736,114,0.17095,0.17135
0.36363636363636365,-0.0002464571793128201,4997867.0,-0.3199999999999932,83.5,158,81.14,81.48
0.6,0.0,129744.20000000001,-0.39999999999997726,157.95,120,153.1,153.8
0.7142857142857143,-0.001436114291172963,1438078.9000000004,-0.269999999999996,119.46,122,118.29,118.3
0.0,0.0,174105.5,0.0,37.25,42,37.045,37.085
0.8571428571428571,0.0020077698683031997,9132479.900000006,-0.45000000000000284,115.04,222,114.67,114.49
1.0,0.0015885626851375179,6696204.0,0.05000000000001137,317.15,80,315.0,315.0
-0.3333333333333333,0.0003174099375957695,22957959.0,0.0,322.55,99,315.1,315.35
0.07692307692307693,0.0,4892694.0,0.0,322.55,164,316.7,317.1
0.2,0.0005840390637832371,932321.0999999999,0.060000000000002274,119.99,190,119.89,119.88
1.0,-0.0007579777517454644,839473.7000000001,0.29000000000000625,66.5,162,65.94,65.96
-0.6666666666666666,0.00031215857909128175,1201021.5,-0.5,323.85,100,320.4,320.2
1.0,0.0014855690338215766,56507.0,-10.0,9609.0,38,9431.0,9432.0
0.2857142857142857,0.0010427529620553044,88957.4,0.0012999999999999678,0.7735,242,0.7676,0.7666
0.6666666666666666,-0.0006333122440933536,1162821.5,0.44999999999998863,318.6,129,315.7,315.85
-0.2727272727272727,0.0009423591085315763,149554.0,0.8000000000000114,319.35,83,318.5,318.65
0.25,0.0005161290437163402,502109.6,-0.5200000000000102,118.18,107,116.28,116.05
-0.3333333333333333,-0.0005190760562951979,3418355.2,-0.5200000000000102,118.18,135,115.56,115.46
0.0,-0.00030799240528800453,1666855.0,-10.0,9930.0,65,9739.0,9745.0
0.4,-0.0010930157389399398,3297379.0,-136.0,9185.0,121,9144.0,9100.0
0.6363636363636364,0.0009163570360719575,6153294.0,-46.0,9867.0,261,9826.0,9819.0
-0.14285714285714285,-0.0005184705236036535,38580.5,-0.0015000000000000568,3.8715,103,3.8565,3.8565
1.0,-0.00017207261506779759,1261642.0,16.0,2940.0,27,2905.5,2904.0
-0.23076923076923078,0.0003574194355081828,85606.29999999999,-0.0029000000000000137,0.84,136,0.8395,0.8396
0.8095238095238095,-0.0006827686533057431,15365492.799999999,0.2599999999999909,118.0,123,117.13,117.35
0.6666666666666666,0.0018903597311688003,319341.0,0.75,167.4,154,158.85,158.7
0.6666666666666666,0.002177633462814299,890520.2999999999,0.75,167.4,81,160.9,161.0
0.0,0.001040492593654463,1541276.6000000003,0.09000000000000341,116.27,75,115.39,115.37
-0.391304347826087,0.00010988407241363518,3275807.0,-1.0,9115.0,116,9101.0,9105.0
0.2903225806451613,-0.00025984149814917146,3849.0,0.013500000000000068,3.86,262,3.848,3.85
0.23076923076923078,0.00029546462026153186,480687.0,-0.0005999999999999894,0.1717,171,0.16925,0.16885
0.3684210526315789,0.00020034057965467866,486816.5,0.25,250.45,113,249.6,249.5
1.0,0.0010386014435432855,23096.0,-4.5,2896.0,61,2890.0,2891.0
0.5555555555555556,-0.0006921613012105254,982903.5,-4.5,2896.0,76,2888.5,2886.0
-0.14285714285714285,0.0,103885.0,0.4000000000000057,208.4,140,207.75,207.95
1.0,-0.00023663038444521334,42271.0,1.3000000000000682,847.6,94,845.1,844.5
0.3333333333333333,-0.0009596929719297154,24185.3,0.005299999999999971,0.8393,72,0.8332,0.8337
0.5,0.00020831163495849125,2714243.5,-0.6500000000000057,243.65,127,240.05,240.05
0.6,0.0028239401844662726,8274.3,0.0,0.9392,91,0.922,0.924
-0.05263157894736842,-0.0006620324637696129,241720.0,-1.5500000000000114,304.7,155,302.0,302.05
0.0,-0.00037948264322326675,233226.89999999997,-0.005499999999999949,0.7937,38,0.7904,0.788
0.4,-0.002088410087271342,4314.0,29.0,4350.0,231,4305.0,4305.0
0.7142857142857143,-0.002088410087271342,25884.0,29.0,4350.0,110,4305.0,4314.0
0.4782608695652174,0.0004986287812114298,5470212.0,-0.6400000000000006,81.22,152,80.24,80.23
0.6363636363636364,0.0009908348593636873,967950.0,-0.8499999999999943,205.7,237,201.95,201.7
0.20833333333333334,-0.000987329354519062,349577.0,-1.5500000000000114,304.7,482,303.7,303.05
1.0,-0.0011837823223184163,648975.0,-0.0008999999999999841,0.1696,86,0.16885,0.16885
-0.09090909090909091,0.00024749412327729203,549467.0,0.28000000000000114,81.1,216,80.82,80.94
0.03333333333333333,0.00033361134588005825,125872.0,0.0,9086.0,522,8994.0,9006.0
0.0,0.00032921810996988654,24296.0,0.0,305.1,155,303.8,303.7
-0.25,-0.0005142710321619504,529790.8,-0.28000000000000114,117.25,90,116.64,116.69
0.17647058823529413,0.0011980148617531938,573456.9000000001,-0.28000000000000114,117.25,242,116.93,116.85
0.5,0.0,531672.8999999998,0.0008000000000000229,0.8428,90,0.8359,0.8362
0.25,0.0019256023455493931,519412.5,-8.5,2888.0,306,2859.0,2861.0
0.3333333333333333,0.0001208240199621069,597667.6000000001,0.0008000000000000229,0.8428,121,0.8277,0.8274
0.25,-0.0006001629193743696,11259219.7,-0.28000000000000114,117.25,481,116.6,116.63
0.42857142857142855,-0.0009708738626699187,15457.5,0.19999999999998863,309.8,88,308.85,310.6
0.5555555555555556,0.0024230687891249048,584266.0,0.19999999999998863,309.95,82,309.9,310.55
0.4117647058823529,0.0,528526.3,-0.0025999999999999357,0.8172,108,0.8054,0.8057
0.5,0.0010200612921229535,5267539.800000001,0.480000000000004,118.09,91,117.7,117.73
0.42857142857142855,0.0011049255299484528,7271631.699999999,0.480000000000004,118.09,167,117.72,117.77
0.08333333333333333,-0.001478014802873212,56067.8,-0.00010000000000010001,0.825,235,0.8113,0.8112
0.0,0.0013568523112903463,5015441.7,0.480000000000004,118.09,45,118.0,117.75
0.6666666666666666,0.0003290014834744781,355487.5,0.10000000000002274,304.75,152,304.0,304.0
0.2222222222222222,0.00033063316551817934,3024.0,1.3999999999999773,305.2,170,302.5,302.6
0.3333333333333333,0.0,910715.0,1.3999999999999773,305.2,73,302.5,302.55
0.1875,-8.549566114801621e-05,90079.4,0.5499999999999972,117.89,655,116.96,116.98
0.6,0.00034270048313533863,800590.5,0.5499999999999972,117.89,155,116.74,116.83
-0.7647058823529411,-0.000995520241501957,999171.0,-0.39999999999997726,603.2,149,602.4,602.2
0.7142857142857143,0.00104275296205536,2271458.0,-1.0,576.0,126,575.7,572.0
0.68,0.0015393828405496635,7351318.5,0.0,2954.5,283,2925.5,2922.5
0.6666666666666666,0.000968054286635156,386597.39999999997,0.0015999999999999348,0.8307,81,0.8268,0.826
0.7333333333333333,-0.002220460864740481,28741230.0,0.19999999999998863,317.75,119,314.9,314.85
-0.15789473684210525,0.00024976064734616443,1591262.9,0.20000000000000284,120.45,119,120.13,120.21
0.14285714285714285,-0.0005115089625595814,1427035.0,0.0,198.1,227,195.45,195.35
0.1111111111111111,-0.0011803390629294697,341772.6,-0.21000000000000796,119.21,115,118.54,118.56
0.6,-0.0010816658707411345,585702.0,0.0031999999999999806,1.025,87,1.0164,1.0164
0.3333333333333333,-0.0010170354296432649,6706426.100000001,0.10000000000000853,118.9,125,117.93,118.03
0.5384615384615384,-8.482123928921226e-05,5294855.8,0.10000000000000853,118.9,172,117.89,117.6
-0.1111111111111111,-0.00019049433336970623,398951.2,0.21999999999999886,105.88,91,104.98,104.98
-0.42857142857142855,-0.0007408322353885666,283660.0,-0.8000000000000114,204.35,91,202.4,202.5
0.2,0.000887880490430407,62820.899999999994,-0.005900000000000016,1.0271,106,1.0141,1.0128
0.25,0.001565353828637095,34466.5,-0.010000000000000231,3.908,109,3.836,3.834
-1.0,0.0017770761908382227,8289151.0,0.19999999999998863,253.8,100,253.45,253.6
0.375,-0.0001726966587494161,13159397.5,-8.5,2914.5,426,2895.0,2894.0
0.4117647058823529,-0.0030530789333170216,615650.8,-0.0010000000000000009,0.8724,325,0.8503,0.8519
0.46153846153846156,0.0,32858.6,-0.44999999999998863,153.7,395,152.1,152.3
1.0,0.0011516000285611838,9655198.899999999,-0.10999999999999943,122.8,107,121.64,121.65
0.5555555555555556,-0.0006476684164224977,505274.45,-1.5,159.55,151,154.35,154.95
0.23076923076923078,0.0009457756064383815,22193.5,-0.6499999999999773,317.75,191,317.35,318.0
0.0,0.000531302589314997,1884438.0999999994,0.3399999999999892,113.2,64,112.96,112.98
-0.42857142857142855,0.00033562678616849695,405138.0,2.0,2981.0,95,2980.0,2970.0
0.6666666666666666,-0.00016459550691472202,2985777.0999999996,0.29000000000000625,121.73,33,121.5,121.62
0.5,-0.0007771014508408669,4691070.0,-4.0,194.0,160,192.95,193.0
0.5789473684210527,0.0005746418907879303,2136688.9,0.14000000000000057,122.43,139,121.85,121.86
0.42857142857142855,0.0,1163820.0,0.14000000000000057,122.43,137,122.25,122.25
1.0,0.0008676790132222667,95044.0,-0.00035000000000001696,0.1735,28,0.17295,0.173
-0.2,0.00012791813256951556,93796.5,0.0040000000000000036,3.9585,115,3.909,3.912
0.5555555555555556,0.0010875476873994927,110280.0,-0.2999999999999545,920.7,53,920.0,919.7
1.0,0.00045068730575792415,248223.80000000002,0.21000000000000796,67.6,54,66.58,67.04
1.0,-0.0008131403928279823,350550.3,-0.0799999999999983,123.62,99,122.93,123.0
0.5555555555555556,0.0006509887120609292,3479145.3000000003,0.12000000000000455,123.64,285,122.93,122.99
0.6666666666666666,0.00016248273656671586,3763231.2,0.12000000000000455,123.68,145,123.1,123.17
-0.3333333333333333,0.00040435082027645564,648940.5999999997,0.21999999999999886,124.19,78,123.68,123.59
0.6,-0.001344266904943936,4447095.0,-0.05000000000001137,186.95,322,185.85,185.4
1.0,-0.00026827632622339337,670895.0,0.05000000000001137,188.5,129,186.35,186.55
0.3333333333333333,-0.00026791694734917826,429205.0,0.05000000000001137,188.5,337,186.6,186.65
0.2857142857142857,-0.000653808457419025,1429855.9000000004,-0.060000000000002274,123.2,109,122.32,122.34
-0.6666666666666666,0.0003263175098293658,1437259.0,-1.5,3075.5,71,3065.0,3067.5
0.24528301886792453,0.0005857201596607964,1175559.1999999997,0.0017000000000000348,0.8575,337,0.8539,0.8545
0.6363636363636364,0.0004903964135873906,27522.0,-1.5,3075.5,97,3059.5,3059.5
0.8181818181818182,0.0,90914.0,9.999999999998899e-05,0.1723,190,0.1716,0.1717
0.75,0.0005659996108242638,16589373.199999997,0.04000000000000625,124.48,73,123.71,123.49
-0.3333333333333333,0.0,2704188.2,-0.010000000000005116,123.44,148,123.23,123.35
-0.16666666666666666,0.00040549856603622203,2486237.3000000003,-0.010000000000005116,123.45,120,123.33,123.33
0.0,0.0,1713307.0,-0.010000000000005116,123.45,51,123.33,123.48
0.3333333333333333,0.0013730164092118358,9092046.3,-0.010000000000005116,123.97,103,123.9,123.68
0.14285714285714285,0.0024616406949373726,21329770.0,-6.0,3064.0,106,3050.5,3054.0
0.6,0.0,1237470.0,-0.010000000000005116,123.97,53,123.5,123.5
0.2,-0.0002715546520422052,5103595.0,0.0,187.75,58,184.1,184.25
0.37037037037037035,-0.0006736275094745281,344598.0,1.0,598.0,468,593.6,593.5
0.3333333333333333,0.00015811526635811646,189715.0,0.30000000000001137,317.3,124,316.25,316.35
0.6071428571428571,0.0006564910788871003,1443664.5,-9.0,3052.5,327,3047.5,3047.5
0.0,-0.0009957184931010943,552615.0,-1.0,10123.0,124,10038.0,10041.0
0.8888888888888888,-0.0004946821767957132,749628.6,-0.09999999999999432,121.44,183,121.26,121.24
0.5,0.0,208967.5,0.09000000000000341,44.7,75,44.485,44.445
0.0,0.00033172997484509636,5921312.0,-43.0,610.8,103,603.0,602.9
0.4230769230769231,-0.0001640689093092007,3833786.5,-0.05000000000001137,122.11,565,121.89,121.83
0.875,0.0012510054352468103,2507451.0,-0.5,281.8,285,279.95,279.95
0.7142857142857143,0.0019686807253203042,751004.0,0.049999999999954525,283.0,158,279.65,279.75
0.5789473684210527,-0.0010386014435428415,39015.0,0.10000000000000142,43.51,156,43.305,43.39
1.0,-7.624566356501106e-05,19678.899999999998,0.3300000000000125,132.89,77,131.15,131.1
0.7142857142857143,-0.0020411145736267677,2232456.5,0.0,0.17385,120,0.1713,0.1711
0.7333333333333333,-0.0008943544475394916,402738.0,2.1000000000000227,900.0,203,894.1,893.4
0.5714285714285714,0.00011125326817928993,166270.5,0.02499999999999858,45.295,191,44.945,44.91
0.30434782608695654,-0.0007704584608738685,154513.0,3.2999999999999545,911.3,485,908.2,906.8
0.6666666666666666,-0.0003089757478615951,35610.5,-0.1500000000000341,324.7,99,323.6,323.75
0.2727272727272727,0.0004465282503307577,4477800.0,25.0,9488.0,217,8960.0,8955.0
0.3469387755102041,-7.906700933180133e-05,7873216.800000001,0.3499999999999943,126.75,474,126.47,126.47
0.7391304347826086,0.0007775445535971315,25712.0,0.30000000000001137,322.45,194,321.65,321.9
0.2,0.0013258205455528582,753.75,0.0,153.95,124,150.95,151.15
0.8571428571428571,-0.0007808230270995864,573146.0,0.30000000000001137,322.45,109,320.05,320.2
0.3023255813953488,0.00027118644234014333,92178.0,-0.012500000000000178,3.688,300,3.688,3.6835
-1.0,0.0066445427186678785,7061545.0,25.0,9488.0,44,8607.0,8638.0
0.6666666666666666,-0.005049534908762161,1488702.0000000005,0.0038000000000000256,1.0777,85,1.0272,1.023
0.0,-0.0008786995812410936,8473183.0,-0.07000000000000739,127.2,66,125.13,125.17
0.0,0.0004279448016522025,3457937.0,0.0,9469.0,99,9349.0,9344.0
0.6470588235294118,-0.001762891598029448,2442258.0,3.2999999999999545,911.3,166,906.8,907.5
0.4666666666666667,-0.0013511904452112589,7590959.3,0.28999999999999204,126.49,237,125.73,125.92
0.6,-0.00015857913131789303,7110813.9,0.28999999999999204,126.49,120,126.11,126.2
0.14285714285714285,0.000153080750394885,329866.0,-0.14999999999997726,328.0,154,326.65,326.4
0.1875,0.0003171582646306348,12610.0,0.28999999999999204,126.49,278,126.14,126.22
0.76,-0.00010731340891290131,130458.0,16.0,9351.0,140,9318.0,9311.0
0.42857142857142855,0.0,6804390.0,0.09999999999999432,181.85,247,181.5,181.7
0.7647058823529411,-0.0005777246065026276,1915045.4999999995,0.0,121.3,108,121.13,121.3
0.5,0.00015880578086413522,259402.6,0.04999999999999716,127.39,122,125.95,125.98
-0.14285714285714285,0.0006217938953643198,263687.5,-0.10000000000002274,327.0,72,321.75,321.7
0.2967032967032967,-0.00010678626738780395,159200.0,34.0,9469.0,829,9364.0,9365.0
0.3684210526315789,-0.00015538808204684784,347536.0,-0.8500000000000227,322.6,145,321.75,321.7
0.6666666666666666,0.0006876003021313026,1482913.7000000002,0.0,0.8889,112,0.8729,0.8727
0.5,-0.00013884068054226262,10804.5,-0.02400000000000002,3.6195,143,3.601,3.602
0.38095238095238093,-0.0008559201663773663,1063888.0999999999,0.20000000000000284,70.78,701,70.07,70.1
0.3,-0.0007119971820896964,13329895.100000001,0.030000000000001137,126.84,312,126.36,126.23
0.5294117647058824,-0.00046996162845047706,574459.0,0.6999999999999886,323.5,173,319.1,318.65
1.0,0.0005103342800216737,50935.0,-11.5,1984.5,140,1960.0,1963.5
0.375,7.951970104791428e-05,589866.6,-0.6200000000000045,126.0,169,125.76,125.72
0.5,0.0005890148896554592,762781.4999999999,0.009999999999990905,68.48,262,67.93,67.96
0.42857142857142855,0.0008814456278063432,157172.4,0.009999999999990905,68.48,146,68.1,68.09
0.7777777777777778,-0.0009555662456683933,31410.0,-2.5,3145.0,82,3138.0,3137.0
0.7333333333333333,0.000618850196122761,126802.5999999999,-0.0030000000000000027,0.814,129,0.8082,0.808
0.0,-0.0004642166427650807,2176839.0,1.5,324.75,10,323.05,323.4
0.5,0.0011061268257404888,46347.0,0.0020999999999999908,0.831,188,0.8141,0.814
0.3333333333333333,0.00027491409107849307,18185.0,0.44999999999998863,183.85,64,181.9,181.8
0.8571428571428571,0.0,341835.0,2.7999999999999545,909.5,111,899.5,900.0
1.0,0.001555936209343134,35321.0,-0.00045000000000000595,0.16465,105,0.1608,0.16095
0.2289156626506024,-0.0008238363777772761,182150.0,0.19999999999998863,185.0,629,182.0,182.05
-1.0,-0.00027766208702595385,32417.5,-0.02400000000000002,3.6195,96,3.601,3.602
0.0,-0.0017001024156106936,789163.0,-2.1000000000000227,592.8,105,587.7,588.4
-0.3333333333333333,-0.0005517241519266136,18130.0,0.19999999999998863,185.0,628,181.2,181.35
0.3333333333333333,0.0008263780323183312,1508966.5,11.0,3046.0,61,3026.5,3026.5
0.3333333333333333,-0.0015953207318597507,165471.0,10.5,1908.0,132,1879.0,1882.0
0.0,-0.000411889893926487,72850.0,0.008000000000000007,3.673,234,3.641,3.6435
1.0,0.001981070425594922,1606457.0,3.2999999999999545,930.0,41,909.5,910.0
0.1111111111111111,-0.0006154982652599728,1909186.0,-6.0,8285.0,138,8121.0,8129.0
0.7692307692307693,0.0,8219175.899999999,0.1700000000000017,126.97,161,125.7,125.7
-1.0,0.00033172997484509636,30742.8,0.0,0.06037,76,0.0603,0.06027
0.7777777777777778,0.0006634599679427033,50634.100000000006,0.0,0.06037,92,0.06031,0.0603
-0.2,0.0,1357353.0,0.0,0.06037,67,0.0603,0.0603
1.0,0.00016582372975593174,435366.0,0.0,0.06037,97,0.06031,0.0604
0.5,0.0014914245866699538,48843.0,0.0,0.06039,146,0.06039,0.06037
1.0,0.00016563147035819625,532967.3000000003,0.0,0.06041,95,0.06038,0.06037
0.0,0.00033129037904489067,352033.9,0.0,0.06041,134,0.06038,0.06033
0.3333333333333333,0.00165617792079642,238906.8,0.0,0.06044,116,0.06043,0.06044
0.8181818181818182,-0.009731760386148203,2316046.5,-12.0,1826.5,180,1789.5,1799.0
0.3333333333333333,0.0047360445120459005,10743.5,-12.0,1826.5,38,1799.0,1799.0
0.0,0.0006330115735977415,372697.2,0.1700000000000017,126.97,76,126.42,126.44
0.0,-0.0006603929577964074,899056.6000000001,0.0,0.06062,80,0.06055,0.06058
0.5555555555555556,-0.00047136460924601664,4647504.0,-0.5,320.0,65,318.15,318.3
0.6,-0.0002717022160441118,18405.0,1.0,185.7,324,184.0,184.1
0.8,0.003345283884366168,148461839.0,-497.0,6452.0,119,6288.0,6324.0
0.6,-0.0009104704726068391,4829332.7,-0.9200000000000159,132.79,159,131.74,131.68
0.47368421052631576,-0.00022753991527579842,13204072.400000002,-0.9200000000000159,132.79,195,131.83,131.83
0.30434782608695654,0.0015073864777681578,1461350.0,-0.2999999999999545,336.7,148,331.95,331.7
0.0,-0.0003674444281649425,73489.0,0.010000000000000231,2.722,214,2.721,2.719
0.8,-0.0006832416284012766,2174564.1,0.009999999999990905,132.82,174,131.68,131.69
0.07692307692307693,0.0,165299.5,-10.5,3360.0,102,3305.5,3305.0
0.3333333333333333,-0.00174978172378637,17503183.0,53.0,6895.0,41,6852.0,6866.0
0.47368421052631576,0.0018826488146164166,700770.0,0.0,160.0,187,159.5,159.35
0.6470588235294118,0.0,554029.0,0.014000000000000234,3.6455,242,3.623,3.6215
-0.2,-0.003893176294744727,665909.0,-0.44999999999998863,327.0,78,320.45,320.7
1.0,0.0,95910.0,-0.44999999999998863,327.0,123,319.7,319.9
0.1111111111111111,-0.0005389383046106033,478988.0,-10.0,564.0,113,556.5,556.5
0.42857142857142855,-0.00045146727629141736,4514678.9,-0.29999999999998295,134.28,106,132.87,133.0
0.625,-0.0005404529126847857,161054.40000000014,0.00040000000000006697,0.9465,156,0.9249,0.9258
0.1724137931034483,0.0015017272682564808,26031987.900000002,-0.29999999999998295,134.28,239,133.28,133.37
1.0,0.0,216181.2,0.2600000000000193,135.23,108,133.43,133.31
0.5714285714285714,-0.00030063885983722116,5591970.800000001,-0.5500000000000114,133.26,177,133.03,133.27
1.0,-0.0009917684042122232,2678710.0,0.0,5050.0,45,5039.0,5036.0
-0.3333333333333333,-0.0005118143931559516,557092.0,0.0,294.5,232,293.0,292.85
1.0,-7.507225708280885e-05,1162822.5,-0.5500000000000114,133.39,89,133.2,133.24
0.2857142857142857,0.0010507356115319055,4435567.5,-0.5500000000000114,133.39,483,133.31,133.06
-0.4,-0.0012024651982471823,242978.0,-3.0,3335.0,125,3324.5,3328.0
0.5714285714285714,-0.0005526999532730059,298616.0,0.20000000000004547,907.1,164,904.4,904.7
0.0,0.007107831583058832,7434390.0,-0.15000000000000568,158.6,144,148.25,148.35
0.5263157894736842,0.0008986745156605025,3256715.6999999993,-0.5500000000000114,134.31,299,133.59,133.6
0.38461538461538464,-0.002932222694129294,3648578.1,-0.5500000000000114,134.31,162,132.81,133.01
0.2692307692307692,-0.0031061284679978485,163862.35,-0.25,149.35,387,144.65,145.85
1.0,-0.0006713662554957978,9533.55,-0.25,149.5,113,148.9,149.0
0.2,0.00033377837426051826,1692710.5,0.0,301.9,154,299.65,299.55
1.0,0.00033630402200213183,10118.0,-0.25,149.5,68,148.7,148.7
-0.6,0.0006402048874232236,265420.0,0.0,158.1,170,156.25,156.1
1.0,0.00136147059832048,491925.0,3.5,3370.0,95,3307.5,3319.5
0.3333333333333333,0.0015632563573602098,6134239.700000001,-0.27000000000001023,134.49,82,134.44,134.43
0.375,0.002469899372316675,6742247.0,-7.0,6643.0,161,6486.0,6500.0
0.4074074074074074,-0.0020063541256405415,8980.5,0.19999999999998863,302.95,252,298.75,298.8
0.8571428571428571,0.0021154435208448064,1560584.0,-1.0,3345.0,250,3312.5,3308.5
0.5,0.001143903121760298,873.7,0.0,0.892,79,0.8747,0.876
-0.3333333333333333,-0.00037550223865068233,7738893.200000001,-0.03999999999999204,133.33,72,133.13,133.18
0.42857142857142855,-0.0016422816471077795,10403274.900000004,-0.03999999999999204,134.19,147,133.85,133.7
0.2857142857142857,-0.0020992660281011766,639367.6,-0.03999999999999204,134.19,191,133.24,133.35
0.23076923076923078,0.0005454793534953595,25658.5,0.007500000000000284,3.7,299,3.6675,3.662
0.5555555555555556,0.0004946821767957132,8084.0,-8.0,2039.5,131,2022.0,2023.5
0.38461538461538464,0.000451977408824078,2156034.8000000003,0.5099999999999909,133.65,171,132.78,133.12
0.2972972972972973,-0.00033266800040721023,517252.0,1.0,302.45,232,300.55,301.0
1.0,-0.00045105999862560253,2164066.0999999996,0.5099999999999909,133.65,92,132.99,132.68
0.4666666666666667,0.0003924646832160761,2146567.0,30.0,5137.0,75,5097.0,5096.0
-0.3333333333333333,-0.0021650437302076497,10425226.0,1.25,303.9,110,299.9,300.15
0.4,0.0003468007664375605,4499731.9,0.3499999999999943,145.55,131,144.2,144.05
0.7333333333333333,0.00023784041020666336,174045.59999999998,0.0,0.8458,111,0.841,0.8408
0.29411764705882354,0.0001423183664255312,45672.5,0.013500000000000068,3.6035,363,3.5135,3.5105
-0.1111111111111111,0.000740028154840644,745792.6000000001,0.04999999999998295,135.6,93,135.18,135.2
0.16666666666666666,-0.0018734570752547697,728748.0,0.10000000000002274,294.85,144,293.3,293.15
0.2631578947368421,0.0,464777.8,0.4099999999999966,133.9,124,132.8,132.65
1.0,0.0003462004535181862,462015.0,-0.19999999999998863,145.3,62,144.45,144.35
0.4117647058823529,-0.0006925208033008445,476645.0,-0.19999999999998863,145.3,339,144.35,144.35
0.38666666666666666,0.0005108556943795861,751732.0,-0.6499999999999773,293.85,398,293.7,293.5
-0.09090909090909091,-0.00017031423016611313,190860.0,-0.6499999999999773,293.85,90,293.55,293.45
0.34782608695652173,0.0015012763666408802,319429.0,-55.0,10040.0,467,9999.0,9991.0
0.2,0.0,119658.5,-0.5999999999999659,292.95,195,291.85,291.85
0.125,-7.47412086008481e-05,1541388.0,-0.3199999999999932,134.23,199,133.79,133.74
0.4,0.00044329516795293955,2692652.0,-13.0,3403.5,97,3384.5,3381.5
0.45454545454545453,0.0018178518003679756,27485.0,0.8499999999999943,138.45,375,137.65,137.65
0.5454545454545454,-0.0003386386757728843,2757342.5,0.0,299.85,168,295.25,295.65
0.34831460674157305,-0.0007928642635368632,3587065.0,-6.150000000000006,252.95,619,252.15,251.95
1.0,-0.00036798528474157877,34765.8,0.0,137.8,44,135.85,135.85
0.7777777777777778,-0.003178389644327595,640286.5,-6.150000000000006,252.95,108,251.3,251.3
0.1794871794871795,0.0,130572.5,0.00014999999999998348,0.1619,401,0.16125,0.1614
0.5555555555555556,0.0010148605437922953,682341.0,-10.5,3467.5,95,3450.5,3448.5
1.0,-0.0011120820909393814,881668.0,0.0,6370.0,55,6291.0,6296.0
1.0,-0.0005489980922961379,21864.0,-1.8999999999999773,551.9,35,546.3,544.4
-0.06666666666666667,-0.0062396972494811465,38270.0,-1.8999999999999773,551.9,189,543.2,544.2
0.0,-0.00036744442816516454,657995.0,-1.8999999999999773,551.9,92,544.2,544.2
1.0,-0.0009088844070346269,13016596.600000001,0.3400000000000034,133.27,124,131.97,132.34
0.5294117647058824,-0.0002256742026354175,7159573.2,0.5,133.47,210,132.92,132.88
-0.6,0.010961984129392699,90728.90000000002,-0.0009000000000000119,0.8347,56,0.8347,0.837
-0.15789473684210525,-0.0010797193778833147,13900.0,0.6500000000000057,139.8,330,138.85,138.9
0.6363636363636364,-0.0011402943194598336,377832.9,0.0,132.23,84,131.47,131.55
0.5,-0.000760051720102517,439704.3,0.0,132.23,66,131.52,131.59
0.2727272727272727,-0.0011783521269199682,2970407.5,0.05000000000001137,297.95,108,296.85,296.35
0.3333333333333333,0.0,735952.5,0.0,132.23,160,131.61,131.6
1.0,-0.0009911181385415802,3735639.1000000006,0.0,132.23,71,131.1,131.11
0.47368421052631576,-0.0012132242919740133,1649.5,9.999999999998899e-05,0.1665,195,0.16475,0.16485
0.45454545454545453,-0.00031254883829934244,63354.6,-0.1600000000000037,64.25,184,63.98,64.0
0.0,0.0,224689.2000000003,-0.1600000000000037,64.25,53,63.82,64.06
1.0,-0.0006843690384821244,409342.1,-0.3499999999999943,146.48,87,146.07,146.29
0.3333333333333333,-0.001743944029209743,204600.69999999998,0.4399999999999977,133.48,171,131.77,131.8
0.3898305084745763,-0.00016788382478782893,20846.5,1.3999999999999773,299.4,471,297.8,298.1
1.0,-0.0007685804697761256,3614764.4,-0.12999999999999545,132.44,42,130.06,130.12
-0.2222222222222222,-0.00015277671712521368,0.0,-0.12999999999999545,132.44,224,130.9,131.0
1.0,0.0009927075001021635,1456915.0999999999,-0.12999999999999545,132.44,103,131.02,131.49
0.2222222222222222,0.00017048844981992772,688926.5,0.25,294.85,136,293.3,293.7
0.6666666666666666,-0.0007439922967986679,87396.0,-0.021999999999999797,3.467,71,3.359,3.364
0.2857142857142857,-0.0009716357877911364,4095623.1,0.0,134.33,208,133.73,133.65
0.5555555555555556,0.00044903458320710854,8697553.1,0.0,134.33,114,133.65,133.94
0.32,0.002541487389814634,5697215.7,0.0,134.33,494,133.95,133.67
0.7931034482758621,0.00011334655721917386,326480.0,-0.2999999999999545,892.5,212,882.3,881.2
1.0,0.0007671653617533636,9512.2,0.44999999999998863,134.6,102,130.4,130.05
1.0,-0.00030381285362057753,276564.0,4.999999999999449e-05,0.16565,88,0.16455,0.16425
0.6190476190476191,-0.000677736386497152,174147.5,0.0,297.65,303,295.0,294.5
0.5,-0.0016963532481790722,2603702.0,0.0,297.65,232,294.5,294.55
0.2727272727272727,0.001043919265631743,2132815.8999999994,-0.22999999999998977,134.74,156,134.18,134.18
0.5217391304347826,0.0013840832659379743,433165.0,0.0,145.7,492,144.6,144.85
0.2857142857142857,-0.0002775079801351499,32439.5,-0.019000000000000128,3.6275,75,3.603,3.6085
1.0,0.0010902578760827453,834639.0,-11.0,6529.0,45,6424.0,6424.0
-0.14285714285714285,-0.0036656932543084053,3279.0,0.0031999999999999806,0.828,133,0.8169,0.8166
0.23076923076923078,-0.0007196833703932981,13900.0,0.19999999999998863,139.2,138,138.9,138.9
1.0,-0.0007171029349963831,13950.0,0.19999999999998863,140.0,120,139.4,139.25
0.6,-0.00034358358008468315,873025.5500000002,0.0,146.95,31,145.5,145.55
0.5,0.0006735518889584569,115783.0,0.39999999999997726,899.9,170,891.1,891.7
0.743801652892562,-0.00036068530598409865,13865.0,0.05000000000001137,138.95,1438,138.6,138.45
-0.09090909090909091,0.0014383317833868148,1555670.0,0.05000000000001137,139.15,129,139.15,139.0
0.5555555555555556,0.0003596475492821938,1708575.0,0.05000000000001137,139.05,113,139.05,139.0
0.13043478260869565,-0.0017191981311808213,41919.5,-0.4415,3.5045,174,3.487,3.49
0.29411764705882354,0.0006438459284545672,46578.0,-7.600000000000023,948.7,182,932.2,932.1
-0.3333333333333333,-0.001158524941317296,10804517.5,633.0,3890.0,88,3882.0,3882.5
0.5675675675675675,0.0,49861.999999999985,-16.920000000000016,113.95,315,113.31,113.18
0.7142857142857143,-0.002424862396775751,80022504.5,282.5,3942.0,91,3913.0,3924.0
1.0,-0.00035025043263736677,846441.0,-12.799999999999983,144.54,68,142.73,142.95
1.0,0.0001289906483563641,7717670.0,282.5,3942.0,34,3876.5,3880.0
0.0,0.0013764627087233805,682320.0,1.2700000000000102,149.4,116,145.4,145.6
0.14285714285714285,0.0,5625.0,-20.900000000000006,113.14,48,112.5,112.5
0.35294117647058826,0.0001311217467296344,248604.5,-0.17289999999999994,0.7658,470,0.7627,0.7621
0.0,0.0,978115.0,7.670000000000016,151.8,132,148.2,148.2
0.28,-0.0007801326621119098,453741.30000000005,-0.17289999999999994,0.77,235,0.7688,0.7689
0.47368421052631576,0.0020398839416211345,5774497.700000001,-13.909999999999997,142.36,159,142.31,142.31
0.2,-0.0009691488401921688,261224.75,-24.049999999999983,157.35,58,154.7,154.7
0.6,-0.003940722995713131,14426556.0,-3455.0,6170.0,88,5825.0,5815.0
1.0,0.0027439564464177835,2154465.0,-3455.0,6170.0,177,5839.0,5837.0
0.0,-0.004973001760429696,1835143.0,-3455.0,6170.0,95,5817.0,5815.0
-0.3333333333333333,-0.0018224900251304632,219680.0,-29.659999999999997,137.7,89,137.05,137.15
0.5,-0.0002705627722132675,3108622.1999999997,1.7199999999999989,149.55,41,147.82,147.99
0.6,-0.007302552711971444,18240416.0,-3455.0,6170.0,96,5594.0,5556.0
0.12,0.0010114876955142904,10251099.5,-40.25,347.9,189,346.2,346.35
0.28,0.0012670258267721834,1401465.0,3.7000000000000455,947.7,243,947.7,946.2
0.6875,0.0030132173803805173,8639375.200000001,-16.530000000000015,116.8,219,116.33,116.24
-0.034482758620689655,-0.00040096231491393297,4499542.2,-0.15000000000000568,151.39,238,149.61,149.6
0.14285714285714285,-0.0021398964966623524,15429287.8,-0.15000000000000568,151.39,112,149.38,149.8
0.5714285714285714,-6.684268576417907e-05,9571294.1,-0.15000000000000568,151.39,188,149.6,149.48
-0.42857142857142855,0.0,595775.0,-21.44999999999999,139.4,140,138.5,138.55
0.15789473684210525,-0.0007217611284096037,290870.0,-21.44999999999999,139.4,330,138.5,138.5
0.4634146341463415,-0.001165563045861795,9443.0,-3.8999999999999773,948.3,361,943.2,943.4
0.6666666666666666,-0.0013786523208096924,113167.0,-3.8999999999999773,948.3,84,942.3,943.2
0.3333333333333333,-0.0005591277752599044,1123271.5,-0.05187,0.179,75,0.1788,0.1788
0.03225806451612903,-0.0019281096732141068,822627.8,-0.3769000000000001,0.7272,201,0.7254,0.7254
0.8,-0.0005360493293729007,25929887.0,336.5,3750.0,49,3730.0,3727.5
0.0,0.0004023875045913172,93175.0,336.5,3750.5,46,3728.5,3725.5
1.0,0.00032610468249227864,64383.0,-36.89999999999998,925.6,191,920.1,919.7
0.7419354838709677,0.0,1464840.0,1548.0,11512.0,264,11268.0,11268.0
0.16666666666666666,-0.0012715907191838127,75605.0,-30.09999999999991,959.6,149,943.1,943.2
0.3,0.0019079929468572843,3053843.0,-30.09999999999991,959.6,452,944.3,942.9
1.0,6.885866761141557e-05,25924485.799999997,-3.969999999999999,146.78,42,145.23,145.2
0.1111111111111111,0.00021238186338745635,1204407.0,-30.09999999999991,959.6,175,941.8,940.9
0.42857142857142855,0.0011796318295627106,152483.0,-0.2655000000000003,3.8225,56,3.817,3.82
-0.1111111111111111,0.00013193482438822457,15651379.0,379.0,3798.0,89,3790.0,3797.0
0.3333333333333333,-0.0013765574477382359,7969865.100000001,-6.400000000000006,146.17,157,145.19,145.18
1.0,-0.00027485741944488495,119366.0,-6.400000000000006,146.17,47,145.51,145.34
0.4,-0.0010675207845931567,595989.5,363.0,3762.5,71,3745.0,3746.5
0.8666666666666667,-0.0014831296749067135,296910.0,-40.119999999999976,136.35,148,134.75,134.75
0.6,-0.000948235060921121,661567.0,1678.0,11664.0,234,11595.0,11584.0
0.5384615384615384,-0.00040265754520163455,1869634.0,292.0,3759.0,85,3724.5,3723.5
0.0,-0.008806750006419506,26117123.0,-5330.0,4755.0,90,4522.0,4538.0
0.7692307692307693,0.0022060454567682797,38125538.0,-5330.0,4755.0,201,4538.0,4550.0
0.2222222222222222,0.00013143195129661223,102778.0,-0.00649999999999995,3.826,138,3.8045,3.8005
0.36363636363636365,-0.00026243275311355063,45732.0,-0.00649999999999995,3.826,148,3.81,3.813
-0.1111111111111111,-0.0008833922835957964,1123145.0,-5330.0,4755.0,112,4526.0,4507.0
0.38461538461538464,-0.0008459044632422863,945537.0,-0.08094999999999997,0.17775,227,0.17725,0.1773
-0.125,-0.0007987220871896739,6287277.5,534.0,3819.0,142,3754.5,3760.0
-1.0,-0.0010086456186551018,29789220.399999995,-0.8499999999999943,140.99,98,138.73,138.97
0.29411764705882354,0.0003640997673581836,549430.0,-37.39999999999998,138.8,178,137.35,137.5
0.7272727272727273,-0.0024038473113936476,3459911.0,485.0,3767.0,519,3739.5,3742.0
0.3333333333333333,0.0010101010959848722,859257.4000000001,-0.8499999999999943,140.99,167,138.67,138.69
0.07692307692307693,-0.000144938039242426,564360.0,-0.8499999999999943,140.99,120,137.98,138.14
0.25,0.0008025682613777008,9438969.0,485.0,3767.0,81,3739.5,3738.0
0.375,0.001527217488941801,20957657.900000006,-0.8499999999999943,140.99,111,137.61,137.79
0.17073170731707318,0.0012050329297998985,18108284.1,2.4000000000000057,142.06,306,141.16,141.28
0.0,-0.0014138274658215266,1967634.5,2.4000000000000057,142.06,229,141.36,141.54
1.0,-0.0007259528449488073,5369120.0,-37.0,141.05,152,137.7,137.7
-0.037037037037037035,0.0002951376100517322,23608787.7,-9.20999999999998,136.5,700,135.55,135.21
0.42857142857142855,0.0011254925217354383,1243150.0,-10650.0,177900.0,107,177800.0,177650.0
-0.3,-0.001795010354523896,2855630.0,-36.25,140.0,218,139.15,139.0
0.2,-0.002607563407080349,4405074.5,351.0,3679.5,84,3638.5,3637.0
0.4,0.004291852081541592,16320017.000000002,5.800000000000011,140.39,157,140.1,140.15
0.3333333333333333,0.0003572576937713734,1082804.2,5.800000000000011,140.39,160,139.98,140.03
0.3333333333333333,0.0008844340199161138,101707.7,-10.340000000000003,68.0,75,67.87,67.93
0.6666666666666666,-0.0011929221376227872,1796731.5,681.5,3790.0,44,3770.0,3768.5
0.6,-0.00015495467606729818,7026620.0,-4.100000000000023,327.85,145,322.65,322.5
1.0,-0.0011428572672498305,3806608.8000000003,7.0,142.0,67,139.92,139.9
0.29411764705882354,0.0019343058651335454,5716115.899999999,7.0,142.0,130,139.72,139.7
0.2,0.0011271235393399692,555436.0,34.0,312.55,147,310.7,310.55
-0.1111111111111111,0.0003219575043900136,136762.5,34.0,312.55,89,310.65,309.5
0.29411764705882354,-0.00013624906349840593,253160.5,0.040999999999999925,3.7105,134,3.6695,3.6655
-0.7894736842105263,0.0032321809428061954,2378110.0,-26.100000000000023,140.4,354,139.45,139.45
0.25,-0.0041081879072937255,14634.5,-4.890000000000015,146.65,81,145.75,145.65
0.6521739130434783,-0.0002791541646987028,401245.19999999995,10.430000000000007,145.75,191,143.27,143.41
0.9130434782608695,-0.0006285574813222894,5010785.200000003,10.430000000000007,145.75,220,143.14,142.8
-0.1,-0.0011906013942759586,882926.6,10.430000000000007,145.75,184,142.7,142.76
0.1111111111111111,-0.0013258205455528582,3247220.0,-25.599999999999994,154.25,137,150.75,150.95
0.3488372093023256,0.0035906681307285027,266958.0,-104.39999999999998,569.0,349,558.0,558.8
0.2727272727272727,0.0,436495.50000000006,5.800000000000011,140.59,103,138.57,138.57
0.7333333333333333,0.0017059998451003366,5680246.0,-0.07114999999999999,0.178,182,0.176,0.1761
1.0,0.0,718320.0,-32.150000000000006,141.5,59,140.95,141.6
0.75,-0.00035321128288576253,4247.1,-0.3202999999999999,0.8499,104,0.8492,0.8496
0.6,0.0,1256801.7,5.140000000000015,145.97,194,145.97,145.97
0.6,0.002189382374273796,73000.0,-0.2955000000000001,3.658,100,3.658,3.657
0.4117647058823529,0.0008724735176102172,455926.0,-7.650000000000006,69.08,149,68.8,68.74
-0.38461538461538464,0.0006818956963849931,1673801.5,-0.2955000000000001,3.69,151,3.6675,3.657
0.2,0.0010765422505958355,13962463.000000004,11.889999999999986,141.98,589,139.41,139.2
0.23076923076923078,-0.0008256502464358828,203560.0,-0.22650000000000015,3.788,201,3.632,3.63
0.5263157894736842,8.553222431739727e-05,336704.1,2.299999999999997,117.55,385,116.92,116.97
-0.14285714285714285,0.00043652237870261956,396543.9999999999,-8.409999999999997,69.55,65,68.74,68.66
-0.2,0.0005535566152978788,2222648.0,1743.0,10933.0,147,10842.0,10850.0
0.38461538461538464,-0.00385622293041199,1600502.0,-0.22650000000000015,3.788,123,3.6235,3.613
